iteracion,valor,gen
3901,5.696107183189057,p26 / p12 + c0.12380681600764776 + p2 - c0.6227386692039033 
3902,1.4460524666492498,p25 - c0.0859310402847574 / p24 * c0.3992313661662106 * p8 
3903,1.4891683994526197,p25 - c0.0859310402847574 / p24 * c0.3992313661662106 * p8 / p18 
3904,1.5140601095224435,p25 - c0.0859310402847574 / p24 * p8 / p18 
3905,1.5751596201566085,p25 - c0.0859310402847574 / p24 * p8 
3906,1.5127598119857122,p25 - c0.0859310402847574 / p24 
3907,3.3923217289256344,c2.008056290278535 * p20 + p21 / p0 * c0.19346111207706018 - p19 
3908,3.6190541469275375,c0.1583600158923909 / p5 + p23 - c1.9708188361581307 * c1.5325960096216207 + c3.260233539554069 
3909,5.42875727325273,p6 / p15 - c3.155121765764993 * c0.44977326713544985 + p8 
3910,2.2762126691864064,p12 / p19 * p19 
3911,9.832047232758857,p25 + c0.992674640102022 + p22 / c3.822931796369712 / c2.7027308990559518 / c0.2748000243982385 / c0.35417174929747774 - p16 
3912,1.981483661064925,p24 + p18 - c1.3277422935316718 + c1.4070014677505878 * p25 / p20 * p13 * p23 / p21 / p23 / p8 * p14 - p19 
3913,2.486090884474125,p6 + p15 / c2.562826807822178 - p6 * c0.39674646565394545 
3914,7.873049279996038,c3.7664836342072423 / c2.030651082216929 * p2 * c4.646305212078159 / p22 + c2.3905392469731197 - p6 * c3.351478179945139 / p5 * c3.878121639999255 + p15 + p21 / p26 
3915,2.6389829754753107,c3.455811532993089 * p15 / c4.4379528337017495 + p2 * c0.20515183436818352 
3916,4.578142712205407,c3.964983837573926 / c3.2431831836437706 + p4 - c0.48519208092320243 + c1.4854092191110118 - c4.629606174939898 + c2.716813550736667 
3917,4.16348866612523,c0.41123472568060093 - p6 / p6 + p26 - c0.3013752726000557 + c0.5904149893916388 
3918,1.8198452705285049,p12 / p19 * p27 
3919,2.879052526170155,p6 / p6 * p0 
3920,2.0817415497919387,p12 / p19 * p24 
3921,2.0817415497919387,p12 / p19 * p24 
3922,2.9480065246443763,p20 - c0.45938107677819695 / p17 
3923,2.9480065246443763,p20 - c0.45938107677819695 / p17 
3924,2.9480065246443763,p20 - c0.45938107677819695 / p17 
3925,3.089372900134755,p5 - c0.8899562413227008 * c3.2787298305821757 + c2.330902587265488 / c4.435077270165938 - c1.291220678781611 + c3.7522118620630724 
3926,2.9480065246443763,p20 - c0.45938107677819695 / p17 
3927,2.312957710805635,p11 * p20 / p17 
3928,2.312957710805635,p11 * p20 / p17 
3929,2.311024263250101,p20 - c0.45938107677819695 / p17 / p23 
3930,2.022452757384221,c0.675947886517172 / p1 * p19 - c2.3721033860649725 / c3.3762646708585957 + p22 
3931,2.5564041780977607,p12 + c0.11771975379003319 / p2 * c3.732772691535857 - c0.17098475243802702 
3932,3.4985253464174013,p3 - p9 + c3.046450784532528 / c4.965524534096111 / p7 / p26 + p14 
3933,6.6718542601068105,p8 - c2.4681199222485724 / p19 + p7 / p17 / c2.6632157788571225 + p4 / p14 
3934,4.210317673232694,p14 + c0.23045687254277858 + p24 / c2.787953979581352 * c1.7217392277672134 / p27 / c4.825198794976805 
3935,1.7437124470419203,p13 / p17 * p24 
3936,1.7437124470419203,p13 / p17 * p24 
3937,4.242858537646884,p3 + c3.046450784532528 / c4.965524534096111 / p9 
3938,8.328061286879528,p23 + c3.1555260851292433 / c3.914525540116659 
3939,5.086138305069,c4.341478260133727 / c3.710914584213177 / c2.6448207027723036 + p20 
3940,4.138230308289749,c3.3173479482323467 * p27 / p23 - p19 * c1.0804658276356922 * c3.4091230741951515 / p20 + p23 
3941,2.0794276787333743,p24 / p20 * p11 
3942,2.1421384779634853,p21 - c0.1700548637950472 / c0.40797872131569435 / c3.0669110083245643 
3943,1.909589031551384,p21 - c0.1700548637950472 / c0.40797872131569435 / c3.0669110083245643 / p15 
3944,8.277129129111785,c0.21455975106668912 / c2.437709148649665 - c4.231049097798423 + p13 / p11 * p2 + c4.880390324408843 
3945,3.2886265848008653,p9 + c0.491885719627424 / p26 - c1.9891746475082894 / p0 * p14 / c4.634668545129505 * p15 / p6 
3946,2.637228620049554,p10 - c0.33213835235788636 / p0 + c0.1294695958179981 
3947,2.99248361152103,p15 + c3.0615944383955025 * c0.24129857148605327 / c4.211042513901181 
3948,5.842175999187886,p27 / p23 - p19 * c3.4091230741951515 / p20 + c0.8447132329419355 + p2 + c3.4823264897123445 - c4.839824474172367 + c2.5255234461063765 
3949,8.748237313715409,p16 + c2.124868040685034 / p5 
3950,2.33115992627708,p25 - p1 + p13 
3951,2.33115992627708,p25 - p1 + p13 
3952,2.808650210541349,p11 * p23 / p9 + p19 - p25 
3953,2.244955867159301,p17 / p25 * p24 
3954,2.532121847751513,c6.132219516508108e-05 * c2.9401159752103228 / c4.671918511729698 + p9 
3955,2.7240459512748054,p19 * p0 / p15 
3956,1.4177307658292648,p25 - p1 + p3 
3957,7.124791250059112,p13 + c4.313780256657925 / c3.401298206823105 / c0.5650467349732219 * p2 / p6 * c0.6584575038055868 / p0 
3958,1.8647108093474591,p16 + p26 - p12 
3959,5.645363605689024,p23 - c2.035515848946271 + p1 * c0.8109758514791948 / p26 + c2.590140623117074 - p7 + p27 - c0.9139500851287852 
3960,2.80439819361807,c1.2076089031022237 / c2.0208909726320465 / c3.5410214492224776 / p5 / p13 + p3 
3961,2.6606429592915486,p18 + c1.591889251136992 * p18 / p20 / p10 / c4.776278036593921 
3962,2.736193278772998,p20 - c2.6089314892145783 - c0.9023273936494358 / p7 + c2.9424887261860864 
3963,3.27904687754942,p10 + c0.701086868303068 / p26 / p20 
3964,4.009608023353883,p27 - c0.6749071935835593 + c2.2911035528741874 + p24 / p27 / p5 - c2.3528727394903397 
3965,2.947177447406726,p26 - c1.9891746475082894 / p0 * p14 / c4.0585715911322255 / p9 / c2.7924461780807035 / c0.9988270802308802 * p15 - p8 + p7 
3966,3.0498388842535515,p26 - c1.9891746475082894 / p0 * p14 / c4.0585715911322255 / p9 / c2.7924461780807035 / c0.9988270802308802 * p15 - p8 + p7 - c0.010934900082583687 
3967,1.760793751276379,p19 / p24 * p24 
3968,1.760793751276379,p19 / p24 * p24 
3969,2.0867701711617075,p16 + c3.3327025622509416 - c3.357695127838941 
3970,1.760793751276379,p19 / p24 * p24 
3971,2.0867701711617075,p16 + c3.3327025622509416 - c3.357695127838941 
3972,2.0867701711617075,p16 + c3.3327025622509416 - c3.357695127838941 
3973,8.366989675139315,c2.2233613825343976 * p9 / p10 / c4.45240750737356 / p20 - p10 + c1.5521154232935308 + p4 + p19 - c1.046386932592545 
3974,6.551114246840116,p5 / p5 / c1.4598884691357228 / c2.281281489204916 + c4.8361567179165945 + p5 - c4.5887922732835795 + c0.8707805262508111 / p16 * c1.114897118238125 / p18 / c1.2841597546606165 - c0.3996538399683375 / c1.8423772847295643 
3975,7.133180424278699,p5 / p5 / c1.4598884691357228 / c2.281281489204916 + c4.8361567179165945 + p5 - c4.5887922732835795 + c0.8707805262508111 / p16 * c1.114897118238125 / p18 / c1.2841597546606165 - c0.3996538399683375 / c1.8423772847295643 * c0.7012213303150722 
3976,2.2953995091961072,c6.132219516508108e-05 * c2.9401159752103228 * p13 / c1.620611663210307 * c0.4031835948817586 + p15 + c0.07286725772614355 
3977,4.709497006188011,p5 / p5 / c2.281281489204916 + c4.8361567179165945 + p5 - c4.5887922732835795 + c0.8707805262508111 / p16 * c1.114897118238125 / p18 / c1.2841597546606165 - c0.3996538399683375 / c0.7012213303150722 
3978,2.6938329331678683,p3 / p15 * p16 
3979,2.9831255296285217,p2 - p26 + p25 
3980,2.9831255296285217,p2 - p26 + p25 
3981,2.15365700426366,p21 + c2.24946005761069 - c2.807774757694035 + p4 / p8 + p5 / p26 / c1.3809799917204386 / p9 / c1.0259316049381662 - c0.7549334520083656 
3982,3.121546162979844,c2.9401159752103228 * c0.4031835948817586 + p15 - c2.5378187646460666 / c4.246134896234364 - c0.20507008947226069 / c0.32410776805525954 - p9 + p10 
3983,4.780947062043677,p20 + c0.8284362668712125 * c2.8954776586435393 / p8 / c3.907777839536944 + p14 - p19 + c4.932983322776488 / c3.4009840852674476 / c4.414291696207122 / p14 
3984,6.363683526825195,p27 + c1.8249004869904617 / c2.94723134946768 
3985,2.326158249616712,p0 + p20 - p7 
3986,3.2547636558831208,p19 * c3.10758857053189 / p19 * c1.5721226063479832 - c2.540742680137078 - c3.212378579456065 + p19 + c1.1015704388118908 
3987,2.0133425586094837,p27 + c1.8249004869904617 / c2.94723134946768 / c4.103866247290976 
3988,4.195420784369616,p1 / p22 - c1.648089752656805 * c0.19971956343673103 * c2.449840673454972 * c1.6175568930065904 + p8 
3989,2.4315998965076253,p8 * c1.9465702178387967 / p8 - c3.383822100303879 / c1.8714685118462149 + p18 
3990,8.948684246909378,p23 - c2.313163498617405 / p21 
3991,2.118284952698269,p19 * p14 / p11 
3992,3.059209500670172,c2.825313292155655 / p5 * c0.22655919943383618 + p26 
3993,1.5726071318472483,p27 - c3.552150757623871 + p11 / p9 * c3.496775249977291 * c3.0234956000951647 / c2.8725030301944288 
3994,2.655819434464576,p23 - c2.313163498617405 / p21 * c0.7839645191346062 / c4.026647930808483 
3995,2.1636931689987424,c0.41554850517273423 / p13 / p24 + p22 
3996,1.306800421024086,p27 - c3.552150757623871 + p11 / p9 * c2.8725030301944288 + c0.6581660435489323 
3997,4.964358408984843,p10 + p26 - p19 - c0.30346768408996694 / p26 - c0.6639612230078834 / c4.460268296999571 
3998,2.8565313734137296,p27 - c3.552150757623871 + c2.8725030301944288 + c0.6581660435489323 + p22 - p9 
3999,2.6611322389573493,p1 * p10 / p7 
4000,5.858500145768057,p24 / p3 / c2.1726963435037243 + p21 
4001,5.338220678554336,p3 + p3 / p11 / p8 - c1.951159082629144 / p16 
4002,14.192943129193363,p18 + c2.9083127884413336 - c3.9398571820374717 / p27 
4003,6.9286231748400535,c0.5806498372909485 + p16 / p19 * p15 
4004,8.128891264272703,p9 - p6 / p4 / c1.8889372475522976 - p19 / c3.6053099626959737 / p20 
4005,5.500642211078655,c0.7173563346968026 * c2.9153178795324286 / c3.301698273936177 / c1.7405726924429088 + p5 
4006,6.50834825728359,c0.5806498372909485 + p16 / p15 * p15 
4007,2.5237080685409943,p15 - c0.46827370182762007 / c4.054997381117065 
4008,2.5451458844842194,p15 - c0.46827370182762007 / c4.054997381117065 * c1.0265097817606228 
4009,2.33813184852106,p15 - c0.46827370182762007 / c4.054997381117065 * c1.0265097817606228 / c1.3819335746921946 
4010,2.973420513870663,p22 - c0.8075386453659633 + c0.9962694071722172 + c0.2929299823519277 / c4.517872506312976 
4011,2.0920824414897097,p15 - c0.46827370182762007 / c4.054997381117065 * c1.0265097817606228 / c4.475341525478911 
4012,2.1215820592759007,p15 - c0.46827370182762007 / c4.054997381117065 / c2.897358665336412 
4013,3.2209208241616265,p15 - c0.46827370182762007 / p3 
4014,2.217010574082942,c0.12093028888331192 * c1.441599476073312 + p27 
4015,4.987327844136616,p5 - c0.9055300398530042 * p27 / p15 / p0 
4016,4.951837651763892,p5 - c0.9055300398530042 * p27 / p15 / p0 + c0.005817715540682444 
4017,3.3339993498828,p19 - c4.720681869633754 / c3.4221804868227945 / p10 / c2.440049616690197 
4018,5.692572148510052,c1.951027414166771 * p20 - c1.6720121775354908 / p27 / p24 / c4.725644758647159 / p17 - p3 
4019,4.83567797302035,p3 * p19 / p6 - p15 / p26 / c1.3162164749360366 / c1.6866054653073415 
4020,2.4758146805122303,p24 + p1 + c0.2410336057529361 / p18 * c0.5910544128825607 - p8 
4021,2.465692294066182,p16 - c0.393862082087334 / p7 / p12 
4022,2.465378185292538,p16 - c0.393862082087334 / p7 / p3 
4023,2.5799852149054145,p16 - c0.393862082087334 / c2.5625506925024 + c0.6113806935960159 * c0.44585201893885207 
4024,2.3667210955058504,p23 + p11 - p22 
4025,2.3667210955058504,p23 + p11 - p22 
4026,2.3667210955058504,p23 + p11 - p22 
4027,4.349577684248956,p14 - c1.3774064669453572 + c2.646017021059403 / c2.3895153604163637 
4028,4.533793319951328,c2.1475281463818647 + p3 + p9 / p13 - c1.3805919453666782 * c4.084829313546587 / p11 - c4.733334103169232 + c2.293797129277203 + c4.539594105788308 / p16 
4029,2.35197899913906,c0.40086020449071946 / c2.1769579324981816 / c3.7060074115973345 + p17 
4030,7.259886129066941,p11 + c2.203219900318153 - c2.854595864912122 
4031,5.165244207613908,p10 + c1.020372153980445 / p13 
4032,1.494980544354065,p23 + c0.04946271482585918 / c2.473131644258651 * p1 / c4.98528669880478 / c1.3485571156930027 
4033,1.4527718626920256,p23 + c0.04946271482585918 / p1 / c4.98528669880478 / c1.3485571156930027 / c2.145355331221679 * c2.1485270930945957 
4034,1.4776558793043255,p23 + c0.04946271482585918 / p1 / c2.1485270930945957 
4035,1.519306646765305,p23 + c0.04946271482585918 / c2.1485270930945957 
4036,2.7600305140785344,p13 * p21 / p7 
4037,2.0930878637904557,p23 + c0.04946271482585918 / c3.2647369488352433 * p8 
4038,2.7627007761804303,p10 - c0.22379494740922046 / p11 / p7 
4039,7.945887406854508,c1.5687283545467612 + p0 - c0.4585867412967354 * c4.922693707908255 
4040,2.9699934407308395,p10 - p11 / c2.407660118301469 / c4.952925961147735 / c4.660354442002263 / c1.767660463450067 
4041,2.7079527620385977,p27 - p11 / c4.32551706578044 / p24 
4042,2.0844243800570834,p4 / p3 * p15 - c2.1421000162271864 + c3.51905337820832 / c1.1234949317177778 - p2 / p7 
4043,11.34965591203532,c1.5687283545467612 - c0.4585867412967354 * c4.922693707908255 - c1.3446056870284568 / c3.451869142379758 + p7 
4044,3.52218777290527,p19 + p4 - p25 
4045,3.773090057343307,c1.5687283545467612 - c0.4585867412967354 - c1.3446056870284568 + p7 
4046,2.899688752224141,p14 - p1 + p24 
4047,2.241039243683771,p19 + c0.5369709995786498 * c0.1943051360150605 
4048,3.632114136313668,p24 - p1 / p21 * c1.4110542674752407 / p2 / p17 
4049,2.687532265060117,p22 - p9 + p3 
4050,3.697904616677004,p22 + p3 - c0.8304921013193151 + c1.0919094464374701 - p17 
4051,6.555401968916893,c0.08723047159378328 + p8 - c0.6486720725161638 / p24 * p12 
4052,4.763825952197182,p3 / c1.6310178677083698 + c1.4967547401233277 / c3.851925699027001 * p0 + p7 - p26 
4053,4.31820256696971,p21 - c0.5285688502846009 + c0.10705831701400381 
4054,4.31820256696971,p21 - c0.5285688502846009 + c0.10705831701400381 
4055,3.5060756694236965,p11 * p1 / p17 
4056,3.2087695049287013,p26 + c3.1870267260020304 - c2.8700027830451886 
4057,2.824004747117076,p3 * c4.451957734644911 / c4.49638292537125 
4058,2.824004747117076,p3 * c4.451957734644911 / c4.49638292537125 
4059,4.895938569726285,p9 - p22 + p1 
4060,2.824004747117076,p3 * c4.451957734644911 / c4.49638292537125 
4061,2.294170699170918,p14 + c1.0050094059059023 - c0.9827341385456256 
4062,11.920867960387696,c0.48144285915337204 - c2.084520577159132 + p9 + c2.7463979222396375 * c3.706528941003109 / c3.424491449567376 / p12 + c0.022958927593369483 - c3.6818535718424195 * c0.19928581554247204 
4063,13.752558989783614,p12 + c3.4525413793169824 / p18 
4064,2.299398030132694,p25 + p12 - p24 
4065,1.7720705578117384,p0 / p4 * p27 + c0.06936449479435114 
4066,2.917514185718088,p3 / p1 * p4 
4067,2.775920884242604,p27 / p11 - p5 + p2 - c3.9736341563964657 / c0.30975223908346117 / c2.6657372896963127 + p9 / p1 / c1.9827587445486405 + c3.4225272649492777 + p9 
4068,7.845399720289577,p8 - c1.583380057822335 + c0.15556202448382184 + c2.660236851326929 - c3.611614671628251 / p7 
4069,7.904470538848531,c4.580907243388415 / c3.6306770206355363 / p2 / c0.771539095450266 + p9 
4070,6.602212679927996,c4.580907243388415 / c3.6306770206355363 / p2 + p9 
4071,9.26448319055168,p6 - c4.7984764243379905 / p4 * p14 / p24 + c4.6086463452967195 - c2.9019653844677378 / c1.0291604726211574 
4072,8.479922033025849,p0 + c3.4063211456006295 + p0 - p9 - c4.014211153697306 
4073,9.578469376029627,p13 * c0.9065427164912093 - c0.11270279864641353 
4074,2.2972965160185908,p7 / p12 * p16 
4075,5.281733460006325,c0.8592747124805972 / c2.58991501467299 / p10 * p13 + p5 
4076,3.8684064352456025,p8 - c0.8660188292702137 * c0.0745394967315599 - c1.565354028236659 - p0 / p18 / c4.328782875715337 * c1.8390711756428586 / p27 + c3.9780079910983757 * p5 / p23 - p20 * c2.087631127710528 / p15 
4077,4.8265015347933895,p23 / p16 / p26 + p19 
4078,3.468806336560658,p26 - c3.6400872154482444 + c3.4129740958419914 
4079,2.9417344146668944,c0.4794457651795103 + p12 - c0.33820586983444423 
4080,3.4884210225753187,p10 + p5 / c4.242037032632484 / p11 
4081,4.956446132860159,p10 + p5 / p11 / c2.352715171542734 
4082,4.554846165235118,c0.9065427164912093 - c0.11270279864641353 * c3.8330053573547715 + p13 - c1.5478439983981207 + c0.2893147766329679 * c0.8233177594131158 + c0.4300156554364848 
4083,6.455303722630775,p17 - p9 + p16 - c0.5485193765182078 / c0.12259510285656694 * c0.23577404063526541 + c1.6162467474100288 
4084,7.072582104073813,c0.9065427164912093 - c0.11270279864641353 * c3.8330053573547715 + p13 - c1.5478439983981207 * c0.8233177594131158 + c0.4300156554364848 / c4.207657723323759 
4085,3.207134974671267,c2.9019653844677378 / c2.2766317421110345 / p6 * c2.4264822997038262 / p13 / p16 * p25 / p1 / p20 + p25 
4086,3.433004478890429,p20 / c3.0815017245002556 / p4 + c2.1072185095533724 / c2.1261684044109685 * p22 
4087,5.454494575978321,p19 + c4.615350910618011 - c1.3103632760066435 - c3.7904164974172074 
4088,3.997095963797024,c2.111332008881282 / c2.082727297605682 / c4.281023097738781 + p4 
4089,4.388586894701815,p13 - c4.868509092415084 - p25 + p20 + c4.607042816540358 
4090,5.2382742820215125,c0.4983300855936629 - p8 + p24 + p14 
4091,4.388586894701815,p13 - c4.868509092415084 - p25 + p20 + c4.607042816540358 
4092,4.579575450319793,p4 - p10 / c0.9585672838667952 + p22 
4093,2.0813681899669003,p15 * p25 / p23 
4094,3.910973495737217,c1.9013240379624718 / p9 / p10 * c0.4293755246906378 * p0 + p23 
4095,4.136879378904863,p3 / p23 + p21 + p4 - p15 - c1.3222910655543259 
4096,5.497935708100378,p12 + c2.396910321869444 / p21 - c1.1065326034607192 
4097,3.060026432106935,p9 + c1.374268885235101 / c1.360328042855767 - c0.9187931747562045 
4098,3.4554932240335208,p9 + c1.374268885235101 / c1.360328042855767 - c0.9187931747562045 + c0.05185590146236707 
4099,5.52166354050161,p3 / c1.9922997553566173 / p21 - p7 + p6 + p11 
4100,3.884527851692293,p24 + p23 - p13 + p23 - p8 
4101,8.052507442911505,p20 + c1.7943686856107481 - p18 / p3 * p27 * c3.7034006821440526 / p9 / p23 
4102,5.8347205021822965,p13 - c2.929630759790682 + c3.3589423331864143 
4103,8.038517987083605,p18 / p27 * c3.7034006821440526 / p9 / p23 + p11 * p25 / p16 
4104,4.142918092446184,p1 / c0.5102430005801384 - p8 
4105,4.119535788046415,p27 + c0.9750379158115574 / p12 
4106,5.787217399547155,p9 + c0.6424159246912114 / c3.870978091912876 + p27 * c1.7013841968506327 / p16 / p9 / c2.6664961417929827 
4107,5.199613236572126,p9 - c2.0196684855238773 + c2.3649220178110015 
4108,3.4037484110506444,p2 + p8 - p11 
4109,7.0520497242367215,p7 + c2.9943184331801325 / p14 / p0 / p1 * c0.5818910908031144 * c1.6747479832225913 * p26 
4110,11.735200288402512,p5 + c2.719569373650149 / p0 
4111,5.901752502994973,c0.11270279864641353 + p13 - c0.8233177594131158 * c0.6706392847150167 - c2.724370945647059 / c3.6103789950258163 / p10 * p9 * c1.2520664063851323 * p19 * p27 / p19 + p22 
4112,7.2652538042967025,p24 + c3.246570775776487 / p20 - c2.2346654536272665 / c2.6134612362623093 
4113,6.603004567063708,p24 + c3.246570775776487 / p20 - c2.2346654536272665 / c2.6134612362623093 * c1.6550855976415746 
4114,6.032026336271464,p15 + c2.0344577798861065 * c0.25982219660110273 
4115,7.248695708048773,p5 + c2.719569373650149 / p15 / p18 
4116,6.985599982821326,c4.60507475731233 + p16 - c1.1946802788056248 + p12 - c4.046832611915604 - p11 
4117,8.88343328020166,c2.111332008881282 / p9 * p10 / p17 + p17 
4118,6.394239929226049,c3.039458209829278 / c4.477881738913554 * p16 / p3 + p26 
4119,2.9579352298264925,c1.7869217372760686 / p5 / c4.894758297426608 + p14 
4120,17.899289233674452,c3.984956123130469 / p25 - c3.9724162404475836 / c2.976297084900867 - c0.017692873803384357 + p7 + p9 / p1 * c0.6293195082858932 / c4.290324261883185 * p13 * c4.354183026013895 * c0.26781380758898965 
4121,2.5632978708647567,c2.111332008881282 / p9 * p10 + p13 - c2.187602882818185 
4122,5.946812260936689,p3 - c0.4950200899416213 * c0.9644312819413314 
4123,3.603772643099296,c3.6160347358794303 / c3.7224618830163143 * p7 
4124,3.911029667897009,p1 - p19 - p18 / c3.2655444284228983 / p13 + p27 
4125,6.417694994890527,p23 + p21 * c0.5977217369984283 / p24 
4126,4.263228627161301,c2.175005287568292 / c4.65113915558685 / c4.328724323181757 - c0.40364086129747623 + p7 
4127,1.7631073232861714,c0.01281763343830622 / p18 / p17 / c1.958412486133294 / p21 + p20 
4128,7.87955585836349,c1.2163148386797733 - c4.588753709759298 / c4.349197299696104 / p10 * c3.168228331872471 + p13 + p4 / p20 * p2 - p4 
4129,14.367557002890155,p6 - p17 * c4.8546590351537695 / c4.381034272557808 - c3.092510021050174 / p14 / c4.695214899424302 + p13 
4130,2.836743355317763,p27 + c1.8595193079015737 - c1.6153596749073307 
4131,2.839199788508355,c4.151986894323961 / c4.04258793029719 * p14 
4132,3.262804141827241,p27 + c1.8595193079015737 - c1.6153596749073307 - c2.8216008023375623 + c2.8682308027246766 
4133,23.75127176396925,c4.894758297426608 + p14 - c1.8990653405010638 + p23 + p27 - p26 - p14 / p14 + c0.3813622298103442 - p16 - p15 + p23 
4134,2.50345583705825,p22 + p18 - p19 
4135,2.50345583705825,p22 + p18 - p19 
4136,6.455513145578183,p3 - c0.27979288711616757 / c0.5236901248028636 - c0.0009755126868260522 
4137,3.381861705122914,c0.36245653303265013 * p7 / p16 / c3.2776369915367827 + p5 
4138,8.835911317202365,c1.374268885235101 / c0.9187931747562045 + p9 - c3.951207820635809 / p8 
4139,10.79274075117176,p12 + p5 / p18 
4140,10.79274075117176,p12 + p5 / p18 
4141,10.663895845655368,p6 - c4.6306532007925565 - c0.7728090013992162 / p4 + c1.6394747495950335 * c4.382796307695821 - c4.452256523408054 * p7 / p6 / p20 
4142,3.6257111668697264,p2 + c0.5264542923034027 / p8 - c4.527486298916201 / c4.537140956718366 + p21 - c3.5064943607289316 - p26 + c4.306786476901322 
4143,9.133563619813945,c1.1629397583297507 - c2.812939739626215 / c3.818539379396943 + p17 + p25 * c3.7219154863385344 / c3.9160374844273442 / p10 / p26 
4144,2.339882027387547,p5 / p18 * p26 
4145,2.339882027387547,p5 / p18 * p26 
4146,3.965661670942558,c1.8460676410851484 - c1.613373622392703 + p3 
4147,3.3247238266407777,p12 * c4.572625604171346 / c0.954316885883077 / p18 + p20 + c4.4078484240520535 - c4.962072894129918 / c1.702058619664899 * p24 / p19 * c3.2223288565650603 
4148,7.945979908421995,p7 + p18 - p9 - c1.770367594038082 / p10 * p24 / c3.1275757307788448 
4149,4.572285755776114,p24 + p20 - c2.2346654536272665 / p19 / p1 / c2.220582620399991 - p0 / p10 - c1.168820264675023 / p26 / p24 * p0 + c1.4210890901232087 - p19 
4150,3.337917966394749,p13 + c2.1315469708806996 / c3.613879719589595 + c4.368977392917015 - c1.661916890711617 - c2.6928854818512145 - c0.45357514894937945 
4151,2.505063985505626,c2.513529841304713 - p10 / p24 - c4.013584777779316 + c2.542330648993461 + p8 
4152,3.2751290713197303,p13 - p0 + p9 
4153,6.36993842580423,p7 - c1.770367594038082 / p10 / c3.1275757307788448 * p13 / c1.0761527572199858 
4154,2.923924657575047,p7 - c1.770367594038082 / p10 / c3.1275757307788448 * p13 / c1.0761527572199858 / c4.627688133740361 
4155,4.804861958889675,c4.457215660810456 - c3.158659125276314 - c0.49866608875541896 - c2.3070182576835747 + c4.699151757496583 / c4.2269182469775055 + p15 
4156,2.923924657575047,p7 - c1.770367594038082 / p10 / c3.1275757307788448 * p13 / c1.0761527572199858 / c4.627688133740361 
4157,6.032609925853544,p10 + c2.495976677531044 + p8 - c1.9990732392799977 - p6 
4158,11.641058604248048,c0.6036519353342928 * c3.037641821818272 - p27 + c4.626965829901151 + p1 + p12 - c3.8362390338682446 - c1.2210614157489368 * c1.399783464536084 
4159,2.7509479452280794,p14 * p1 / p10 
4160,10.46106656218981,p14 * p1 / p10 - c1.0440493735139973 
4161,2.4902112888008694,p9 + p8 - p9 
4162,4.187653486725233,c4.457215660810456 - c0.49866608875541896 - c4.2269182469775055 + p4 
4163,2.8877026505222823,c3.154654170935739 / c1.597559983751438 - c4.0987058249538775 + p12 + p8 - p4 + c2.02578573755562 
4164,6.809917691621144,p1 - c1.0440493735139973 / c1.0221778846641043 / p5 * p19 / p11 / c0.7151430262418668 
4165,3.4226500403107414,p24 - c4.263530625478622 / p4 * c0.497837492686401 / c3.1368745845423214 
4166,2.373043843345338,p24 - c0.497837492686401 / c3.1368745845423214 
4167,3.560648076737675,p24 - c3.1368745845423214 + c3.431413606568689 
4168,10.754726290246715,c4.612100224056145 / p20 / p6 + p1 
4169,2.0498303534726623,p19 / p13 - p1 / p3 + p16 
4170,9.281142345008972,p8 / p21 + p26 
4171,6.597399325713423,p10 + c1.9990732392799977 / c4.315405762454994 - p15 / p4 + p27 - p3 
4172,5.796940948693257,c0.2227121762500145 * c1.7179208378803663 + p1 
4173,15.216901793747772,c1.183597314119249 * c1.2231000271220078 * p24 / c1.376460434459028 + c1.061868223904812 * c2.266242631254158 / c0.4855097595200131 / c4.9017850442949715 
4174,2.4998655071546603,p16 + c1.794590481504363 / p21 / c4.319025577253285 / p8 
4175,5.25641592306422,p16 / p21 / p8 + p17 
4176,4.159915959219227,p12 / p18 / p22 / p20 / c4.400864113318116 * c4.514242014804534 + p2 
4177,8.935233102070587,p19 + c4.888354919570758 / c1.524416147991925 - c4.064621294512624 
4178,5.978069223308697,p12 / p18 / p22 / p20 / c4.400864113318116 * c4.514242014804534 + p2 + p21 / p22 - c0.35384561315047025 + p12 - p21 - c0.5169852347303655 
4179,4.919581315143094,p19 + c4.888354919570758 / c4.064621294512624 / c2.8365760812623235 
4180,17.315038912561523,p19 + c4.888354919570758 / c2.8365760812623235 
4181,5.502301966389841,c3.8881298508975037 * c0.692491817140759 - c3.772722307713032 / p22 * p16 - c1.7021303119752784 + p2 + c3.1740237762197037 + c0.12224522262311854 
4182,4.936963134320795,c2.783939778842537 + p3 - c3.1436157086308074 
4183,14.514789801213404,c0.1171292274228819 - c0.033624307700018674 / p15 - c1.5219600811177192 - p15 + p13 + p14 
4184,2.702997620743029,p6 / c3.681490571775651 * c3.682745683685824 
4185,8.965047006083527,p12 - c3.336782476837886 - c3.9866605694768937 / c2.707588846051961 + c3.9736194717630107 
4186,13.316382108932634,c0.47189041068587734 * c2.861356314679781 + p6 
4187,2.06382346511864,p4 * p18 / p4 
4188,3.860125206714865,c0.6036519353342928 / c4.463123856426786 + p3 - p14 + p11 
4189,3.709622002074583,p12 + p10 - p22 
4190,16.947851231188192,c1.3483215421444679 + c3.3546329401470807 / p23 * c1.471403262449652 - c1.3363313651158566 * c2.640836540858622 + p10 - c3.174291947424854 + c2.4365296140763952 - c2.018566802159839 / c4.977990775659203 
4191,9.81347443052084,p18 + p21 / p0 
4192,4.560739856990279,p21 * p17 / p22 * p15 / p16 + p1 - c1.372888562363828 / c1.8236314579957436 / c4.898334138760045 / c0.759448922370754 / c4.870644031678082 - p20 
4193,2.641981091398484,c1.6151586466814372 / p9 / c1.0999306195522685 / p16 * c0.0755156143929292 + p9 
4194,1.9483067713488864,p25 - c1.644884438666403 + p6 / p23 / c1.0740731584419327 * c0.1349547921766514 / c3.4770994831863855 + c1.4561059526135633 
4195,1.6958078638572724,c0.07801421182907275 * p6 - p15 + p1 * c2.209823045590361 / c4.917939471629457 + p24 + c0.839090568928752 * c0.5648739984472168 * p15 / p13 * p27 
4196,1.7908787971454658,p17 / c4.56389078371034 / p17 + p2 / p23 + p27 + p18 - c1.1940286232268504 - p10 
4197,2.742505210527697,p7 + c0.7731976466058638 / c3.36990579840346 / c3.00775119361296 
4198,3.780073839903293,p7 + c0.7731976466058638 / c3.36990579840346 
4199,4.546400404703347,p0 / p20 * p3 
4200,8.021875393002857,p25 - p6 / p23 / c1.0740731584419327 + c1.4561059526135633 / p3 / p5 / c4.207403236418184 
4201,2.6994549662566314,c2.943072366094887 + p15 - c3.2833237917743934 * c1.3469671766585805 + c1.3388793312802005 
4202,5.209446153508339,p0 / p20 * p3 / p16 / p7 + p12 
4203,14.317404172928198,c0.8753457809787574 + c2.6000820718887576 / p26 / c3.5667002873310767 / c2.3787231531253754 * c1.5410850176213504 * c4.955486320496026 * c2.62846694457157 - c4.196101733490511 + p10 / p4 - p26 / p21 + p11 
4204,3.667842203585672,c0.7276169927982068 / c0.7844211020852421 / p0 * c0.4407654456945087 + p9 
4205,14.158777179779246,c0.37397180012986697 * p16 * c3.9687653243286496 / p24 + p22 
4206,9.231404367860089,p19 - p22 - c0.3531568419105646 / c2.093174827098206 * c2.6661730732219553 + p10 - c3.5595026844173705 + c1.3164273086332674 * c2.411028895985085 
4207,10.28526263311784,c1.591357099908176 + c0.8125121912908162 / p21 + c4.979479333030098 / p8 / p8 / c4.912711681812842 + p11 - c1.1168717509458326 
4208,3.563631678928708,p23 / c1.4561059526135633 / p3 / c4.207403236418184 + p0 - c0.006543155842294035 
4209,2.7118723247767638,p22 - p5 + p12 
4210,3.600640727863618,p23 / c1.4561059526135633 / p3 / c4.207403236418184 + p0 - c0.006543155842294035 / c2.471559183531123 / c2.241911706365092 
4211,10.521788602595896,c1.591357099908176 / p8 / c4.912711681812842 + p11 - c1.1168717509458326 - c0.2215054823103918 * c0.02099353893235345 
4212,4.290028882387074,c2.080735721704132 / c4.377679909464601 / c1.5549110078975055 + p2 
4213,11.993351380277163,p22 - p5 + p12 - p26 / p11 
4214,7.25942912454082,c2.512382040826105 - c3.23091737328007 + p13 
4215,3.259583330632152,c1.4561059526135633 / p3 / c4.207403236418184 + c0.006543155842294035 / c2.471559183531123 / c2.241911706365092 / c2.899153728171349 / c1.573801650447761 + p8 
4216,7.437471736173473,c1.561864685935383 - c2.4015883939254885 * c0.33142090727213414 + c0.7067550042922938 + p12 - c0.10770192677457657 / p21 + p19 - p19 - c0.41184430136165573 * c1.8589668602642688 
4217,10.220188851001431,p20 + c0.48188224487328346 * c4.7761094107201565 - c4.1134969697011705 / p9 
4218,3.177280272759235,p22 + c0.24166381837954998 + p19 - p16 
4219,2.360656072498967,p23 * p2 / p11 
4220,3.4610574315118687,p13 + c2.4638947897645314 * c0.7679971838329686 / p26 / p12 * p11 / p7 / c3.3663359623162226 / c3.4128925148082425 * p24 * p6 
4221,8.014512522165308,c1.183597314119249 * p11 * c2.5072344046098123 / c4.0642261648187405 * c1.4769866115925305 
4222,2.712538601240155,c1.791546530543645 / p9 / c1.2578190569554693 * c0.34452829622868664 - c0.12810282009131924 / p10 * p14 / c0.8971802252139438 / c2.675743618413849 + p20 
4223,5.394198462074364,p26 + c4.932618673180748 / p0 - c0.559255306260118 - c4.856348463093272 / p7 * c2.2452313469462855 * c0.8247034265314396 / p5 
4224,2.8970918082897965,p16 * c1.505327882932503 * c0.3472603695565035 / p4 + p1 * c3.4745749122486047 / p5 + p26 - c4.16365371709131 
4225,3.6468320523562743,p25 * c0.016746626688556865 * c1.8560684327723624 + p15 
4226,3.3533057061179288,p27 - c0.7532530509600621 / p0 
4227,14.323485771730246,p5 / c1.1621238002025824 * c1.2392957737269228 / p1 + p18 - p23 + c0.23256139887394223 / c3.150438759549308 / p18 + p20 / c3.7720199306715534 / p2 + p13 
4228,1.4347172341798249,p7 + p25 - p9 
4229,2.2759441242907243,p11 / p13 * p13 
4230,11.009654358999589,c3.212286520766235 * c0.33933998354780337 + p2 
4231,6.745115691477268,p26 + c4.932618673180748 - c0.559255306260118 - c4.856348463093272 / p7 / c1.9422104081683327 / p23 / p6 - c3.3968293575196977 
4232,2.8851500844462734,p11 / p13 * p7 
4233,16.552704838602388,p11 / p13 * p7 + c1.6785101316191504 
4234,5.150263444666569,p11 / p13 * p7 + c1.6785101316191504 / p21 / p2 
4235,11.892872877509358,p26 + c0.44174312283319805 / p12 - c4.7732421299392875 + c2.068041429885566 / p25 * c2.834049046505566 * p1 
4236,6.6583591253071575,c0.5460491860484296 / p6 * p7 + p3 
4237,2.644198867643304,p21 + p16 - p22 - c0.03776172811477185 
4238,10.272493564267323,p4 * c1.882891520637891 - c0.3303320388762354 - c3.8572075222078945 / p7 / c2.3429817381558466 / p25 - p8 - c3.154534691909856 + c4.631956447854885 
4239,5.865076080826363,p26 + c0.44174312283319805 / p12 + c2.068041429885566 / c2.834049046505566 * p1 / c1.6475103407332203 / p16 
4240,3.0600927525787256,p27 + c4.973285800836055 - c4.733429221252697 + p5 - p9 
4241,3.301332165543585,c1.1431553676920663 + p0 - c1.2812106041051314 + c0.3717118917288814 * p18 * c0.671994707339813 / p18 
4242,6.196649423740053,c0.6587667388423307 * p20 / c2.8674793625390245 / p23 * c1.8347826316586735 * c0.4368152303433437 * c3.1560913439674887 + p24 
4243,3.169502419400868,p16 + c1.4629467015542907 * c1.2271788553410523 / p24 * c1.9927640782906952 / p27 / c4.31337428700372 
4244,3.780541087446671,p7 + p26 / c4.312580262881281 / p27 
4245,5.804574655837244,c2.6000820718887576 / c4.955486320496026 + p9 + c4.702883118895389 / p19 / p26 / c3.138352759157267 + p19 * p6 / p7 - c1.2316557331089295 - p5 
4246,11.061329138527228,p16 - p22 - c0.03776172811477185 * p8 / p16 / p23 / p10 / p15 + c1.0089611878469384 + p10 
4247,3.5349647854389645,p12 + c1.6475103407332203 / p21 / c3.2882428371134482 
4248,3.7741113758020415,c0.6036519353342928 * p22 + c0.25181724584680654 + p21 / c2.7628929100882607 
4249,3.2872740363020148,p5 - p25 * p21 / p11 / p7 / p10 / p17 / p21 * p20 / p20 / c1.7000529189617297 * c1.6290290334411062 
4250,12.980869010727965,p26 - c0.23368868676450716 + p23 / p23 + c0.09541687050064862 * c4.9266310089012 * c1.2996500331876741 
4251,13.395088200504206,p5 - p25 * p21 / p11 / p10 / p20 / p20 / c1.7000529189617297 * c1.6290290334411062 / c0.5026107361138771 + c1.4905281274388056 + c0.15765660385527125 / c2.5045092332776497 * c1.1951947435150023 
4252,2.4665685547939,p22 + p21 - p8 
4253,2.655343845781009,p21 / p11 / p10 / p20 / p20 / c1.7000529189617297 / c0.5026107361138771 - c2.704555034180374 + p19 / p10 * p6 + c2.5101533773756635 
4254,5.908812895590207,c2.707885051998113 + p4 - c3.2345010961250997 + p8 / p21 
4255,11.927883015499338,c3.605156090923754 - c4.8323396579821045 + p13 
4256,8.485887468938015,p9 - c1.371003702342778 + c2.07033579140624 
4257,2.78344385565969,p9 + c0.1240069945392902 / c1.057364432214074 / p24 
4258,4.2464038588424025,p25 + p3 + c0.6346179179720474 - p1 - p19 / p22 
4259,9.437462376926844,p20 - c3.5433399804494052 / c3.8897073427660755 
4260,1.8008192452784166,p9 * p21 / p9 
4261,4.495460773915852,p22 + p21 / p17 / p17 
4262,4.467570236125509,p20 - c3.5433399804494052 / c3.8897073427660755 / p16 
4263,4.3508782311840255,p11 - c1.2414307401358022 / c0.9618247160719556 / c3.978647322392581 
4264,4.783510235881986,c3.5433399804494052 / c3.8897073427660755 / p16 + p21 
4265,6.537158661107159,c4.892885605303698 + c0.4650412286388478 / c1.1997598106970115 / c1.199041640219668 / c4.073163911819625 * c3.483089423793376 - c4.612146063144355 + c2.3863129030720245 * p3 / c2.463028926701121 + c0.18718558770609794 / p3 
4266,3.054172602087047,p19 * c2.016097130721386 - p8 
4267,2.939078463792156,p12 / p16 * p12 
4268,2.939078463792156,p12 / p16 * p12 
4269,8.240459053509563,c1.5914311287975353 - c1.2373395282967685 / p3 * p13 / c1.1142802826239095 / p24 * c3.118299142985478 * p27 / p7 / c4.916967681630362 * p16 + p26 
4270,8.318794692005492,p11 * p3 / p19 + c0.6661561602577026 
4271,4.536895229242452,p3 / p7 / p8 + p22 
4272,9.234415633418308,p12 / c2.6942052142653483 * c2.259898655683724 + p4 / p3 + c0.6142287372809546 - c2.024313523122026 + p0 * c0.8926702202447817 - p25 / c1.5994077311127008 
4273,7.151621129021049,p12 / c2.259898655683724 + p4 / p3 + c0.6142287372809546 - c2.024313523122026 + p0 * p25 / c1.5994077311127008 / p6 
4274,4.16808562174672,c0.4692560028919257 * c0.5547997475414873 / c1.0514721635088113 + p26 - c0.5175055300190523 + p20 - c3.883697282424593 / c3.252454266022528 + c3.886031098425012 / c3.1859814220835503 - p7 
4275,2.08162829482455,p19 / c3.3285014865757665 * c0.9975449480892107 / c1.810636897916262 + p13 / c1.2135004808616072 
4276,4.448162796881274,p12 / p12 * p8 / p22 * p3 
4277,4.057541672897813,p12 / p22 * p3 
4278,10.645139237215144,p3 - p24 + p17 - p11 / p26 
4279,4.033441592084213,c0.46773593932294744 * c2.641469111983436 - c4.248123381772955 + p8 / p7 + p24 + c1.3047948887269467 * p3 * c2.3049883086341434 / c1.2902461199372484 / p6 
4280,9.782170607499976,c4.822685202202877 / c2.6330073644166143 / p17 + c1.1008785991326642 / c4.986305137893259 + p2 
4281,4.868545210606082,c0.6925577507251451 / c4.165188300356149 * p8 / c3.8698353933236103 + p7 
4282,2.441812920726941,p13 / p2 * p26 
4283,10.449425402489087,p12 + p1 * c0.0826199485570378 - p0 / p22 
4284,4.0180781822916085,p3 + p17 - p26 
4285,4.0180781822916085,p3 + p17 - p26 
4286,5.186839739295452,p13 - c1.176383493170647 / c2.155913297565497 / c4.34934197384306 * c3.8326440012138048 
4287,9.912874899234057,c4.822685202202877 / c2.6330073644166143 + p1 - p12 / p23 
4288,5.753998004518179,p13 - p2 * c4.496156747669606 * c0.23662377727463213 + p22 
4289,1.1993020496297373,p27 + c0.16284577207320738 / p8 / p13 
4290,2.299559601285743,p25 / p16 * p2 
4291,3.604909479272624,p9 + c2.0306303047944785 - c3.133917310496729 / c2.2803593749526496 / c1.6339463072688236 - c0.024317435545925803 - p10 / p18 
4292,2.024423295387833,c0.245032417909406 / p1 - c0.1256807340508337 + p17 
4293,2.518843141454464,p9 + p27 - p2 
4294,4.710695091078507,p4 - c1.0029089467174308 * c1.1470955962033669 / p25 / c1.4898066818758098 
4295,2.5211443145525623,p19 * p10 / p20 
4296,3.1140933052779887,p6 / c4.008223983933343 / p17 + p23 
4297,9.274762268323244,c0.582446649756791 + p0 + p9 - p26 
4298,41.90394558939336,c3.3663359623162226 * c2.741030233162606 / p24 / c2.0401878030836547 + p20 + c1.2828672422428034 + c4.343352261050933 / c3.2876197957548086 
4299,2.855087787501489,p18 + c2.220237910964682 / p9 / c4.26570887014634 / c1.2821355534566687 
4300,2.64437614669002,p18 + c2.220237910964682 / p9 / c4.26570887014634 / c1.2821355534566687 / c1.2238508581943097 
4301,4.704326393468848,p18 + c2.220237910964682 / p9 / c4.26570887014634 / c1.2821355534566687 / c1.2238508581943097 * c3.0032285618912984 
4302,22.913568745114425,p17 + p26 - p2 + c1.1525077420230438 / c3.5324663221756687 + c3.250077610491126 - c3.9912276361347527 / c2.51626724591124 / c4.2455226864509275 - p13 / p19 
4303,14.167401144992963,p2 - p5 / p7 - c0.26862456510605925 
4304,24.624191343504588,p24 + p26 * c2.0527153967862963 * c0.34975722745964166 + c2.3530832445551804 - p2 / p12 - p2 
4305,2.708246480468415,p19 / p17 * p3 
4306,1.4744940893055252,p26 / p7 * p7 
4307,1.416812029309949,p19 / p17 * p25 
4308,3.470214044872184,p24 * c0.034854804944297046 + p10 
4309,2.290087037557388,c0.4958065730481426 * c0.07280125672772364 + p14 
4310,2.290087037557388,c0.4958065730481426 * c0.07280125672772364 + p14 
4311,2.118495171585589,p24 + p10 - p15 
4312,11.05472780816906,c1.9738938470112073 / c3.595313428117348 / c3.6414893092883753 * c3.4225339708933102 + c4.176308028697578 / p2 - c2.995665523723632 + p27 * p13 / p25 
4313,8.5213734623162,c4.234154500506082 + c2.010304161117626 + p10 - c4.426947223729013 - p22 / p17 
4314,7.284270938560058,p19 + c0.5972859254666563 + p7 - p24 
4315,6.215756324992236,p21 + c1.3228039112031893 / p27 
4316,6.031000348182943,c0.016361507228725425 * p7 - c2.0575973701074037 + c3.2640773868057913 - p6 * c0.871214341733409 / p26 + p25 
4317,5.853059054814162,c1.9738938470112073 / c3.4225339708933102 / p2 + p13 / p25 * p8 / c1.651978221443981 / p14 - c1.0630610794112276 / p6 + p13 
4318,3.650320090875504,p14 * c0.918371339267946 / c4.328634129009811 / p18 + p7 
4319,7.856466898464981,p9 - p4 / c3.247251827131769 / p0 * c2.4999553527267713 
4320,10.121434706370042,p18 - p6 / p18 + c2.045444777904202 
4321,2.574223828596557,p10 - p6 + p14 
4322,2.074687159304782,p23 / p24 * p17 
4323,2.074687159304782,p23 / p24 * p17 
4324,2.493336508226744,p24 - p23 + p8 
4325,1.8510213306475716,p9 * p24 / p12 
4326,2.780933503532664,p16 * c4.029714401776072 / p25 / c2.1068814351594742 + c1.84783092716299 - c4.825698141685444 / c3.8763907946834704 / c0.3516291118325032 + p23 
4327,2.708775177492619,p27 * p6 / p27 
4328,2.708775177492619,p27 * p6 / p27 
4329,2.708775177492619,p27 * p6 / p27 
4330,2.8942769930226118,p10 - c0.08157900208618063 + c2.653530281997397 - p3 / c1.4480682720316873 / p17 - p24 / p17 / c0.5637857192567847 
4331,2.120804980788126,p26 - p6 + p14 
4332,14.748966263651342,p17 - p12 + p4 + p9 * c2.624382141951201 / c0.7416416682263988 / p0 / p18 
4333,2.6235522388996904,p22 + p17 - p25 
4334,2.6235522388996904,p22 + p17 - p25 
4335,2.65670985457015,p22 / p1 * p7 
4336,1.7607937512763787,p4 + p19 - p4 
4337,1.4410588432180909,p23 / p6 * p6 
4338,3.3121801187195867,p0 / p2 / c1.0880999967769645 / c3.8700711402001478 + p14 
4339,12.205494919574267,c3.9348443379621494 / c3.136517428006495 + p14 
4340,6.502503913448318,p23 / c1.5141877599173004 / p10 + p22 
4341,24.047633810216517,c1.0915189447218205 + c1.3559403726989911 + c0.9725107820456091 * p27 - p14 + p1 + p27 - p12 
4342,5.808320981010461,p4 + c1.082911284680577 / p8 
4343,7.646733771521285,c4.7937747054258955 * p17 / c4.5652534892521714 + c4.372167078075218 / c1.352466450158366 / c2.271218821735914 - p2 / c0.835687994971735 / p7 - p1 / p25 
4344,3.917646846988661,c3.1432208758806897 * c0.6038104823348323 - c0.219099271826394 / p1 + p3 - p21 * c3.555288035610438 / p15 + c1.5802574183368945 
4345,3.735871711015125,p8 - p0 / c4.2828574769598085 / p17 
4346,3.1338057544401368,p16 - c2.0282169489974637 - c0.0017661904621485425 / p9 * p11 - p14 / p3 + c3.9442853585322695 - c3.9631206318548236 + c4.952467184920486 / c0.6758383216702535 / c0.6236918992133378 * c0.24480186180561636 / p25 * p23 
4347,9.707998160001184,p7 / p17 - c3.8260617404699717 * c0.9756162368821342 / p11 + p13 + p11 / p20 
4348,39.11728521011347,c2.1498545985982034 / p18 - c1.9279997392338866 + p3 - c3.6293512968976893 + c3.2993191730863245 + c2.4559988333576404 - c1.5149808429337563 * c4.351302345783392 + c4.723500785922158 / c4.28820932320169 + c0.6477229585102101 * p19 / c2.082248669893709 
4349,3.373829006399065,p13 - p5 / p20 * p9 + p14 
4350,3.0480508284711703,p25 + p17 - p0 
4351,3.428792481152353,p22 / p27 * p3 
4352,8.07922715258889,c1.5361713312118903 - c0.986250664956575 + p17 * p4 / p14 - c0.32714941500159966 * c4.2042201833813335 
4353,6.260723421890995,c0.7333991887221541 * c1.7240169907752718 - c4.120403045011795 / p26 / c4.8908376600781365 * c3.894119154842336 + p22 
4354,3.3276481147295387,c1.9532833850872156 + p23 / p16 * p22 - c1.6933197526423271 
4355,5.821235296343895,p25 / p27 / p17 + p5 
4356,2.540871766075409,p25 / p5 * p22 
4357,5.485095361243856,c0.4859556568231438 / c1.0781853562570927 + p12 
4358,2.585164020976966,p22 / p25 * p17 
4359,24.217329440784948,c0.9725107820456091 - c3.710984806637997 + p24 + p26 / p9 + p11 - p7 + c0.12718997191660975 * c2.5050004562438692 * p14 - p25 + c2.8255000129303216 / p7 + p21 
4360,3.893383858623346,p1 + p10 - p23 * p16 / p19 
4361,2.9410245361565064,p4 + p14 * p13 / p9 - p5 
4362,2.879052526170154,p22 * p0 / p22 
4363,2.842305350841606,p22 * p0 / p19 
4364,2.842305350841606,p22 * p0 / p19 
4365,2.321441482756357,p11 - c1.6330955072543092 * c0.9060263741820102 * c0.01627101146919996 
4366,6.485827273069816,p6 + c2.201696603213482 * c1.2127662294417907 + p4 / p19 - c0.33145579217246535 + c3.798335137440405 - c3.104601977706824 - c4.508800542941414 
4367,2.749894402268638,p23 + p27 / c1.2927498472066183 / p14 - p18 / p7 
4368,3.041760080931896,p10 / p5 * p12 
4369,2.743421440146843,p5 + c0.7629392506730459 / c1.728966702568628 * c2.832026648171012 * c2.4088281947130064 / p14 * p11 + p18 / p1 - c4.047186035380364 
4370,3.041760080931896,p10 / p5 * p12 
4371,3.354015939362768,p17 / p24 * p17 
4372,2.523754948433416,p16 / p11 * p4 
4373,7.251797295042886,p21 - c1.549490515141858 / p22 + p13 - p22 
4374,6.4630609295145,c1.430899345102824 / p16 + p15 
4375,13.914885481844069,c3.471787724356869 / p7 + p20 / p4 * p1 
4376,7.301304699200557,c3.503684576798811 * c0.2012023592219231 + p10 
4377,11.35435110476796,p0 / p12 * p20 + c1.9346678894883755 / c1.9109674941343862 + p18 - c0.40382423850610805 / p3 * p18 - p5 + c2.439771769180048 / c1.2685269597983628 * c0.2080065743563464 + c0.48410394960118786 / c2.6901153467829655 
4378,12.502558669426058,c2.8251800216202545 / p0 / c1.4654428324559383 * c3.729958001375486 / c1.4677477749658385 - c1.0218459645556843 + p10 
4379,10.556189431271015,c0.08248961240163666 / c4.786554110019934 / c0.381000052015919 / p7 - p6 / c3.0801602073198264 / p2 + p25 - p7 + p23 + p23 / c2.303876548972203 / p18 * c2.795707087324248 
4380,1.8206205576491992,p7 + p27 - p15 
4381,2.738624431071184,p5 * p14 / p14 
4382,7.713640518812245,c3.695909105896567 * p18 / p23 + c4.106867037890473 + p24 + c0.7290417610691236 - c4.599514078463186 - c4.633437645277178 
4383,11.13098771854822,c3.7885167658329335 * p1 / c4.303567603913943 
4384,2.00072052852724,c1.8248267623896308 + p19 - p2 / c3.2037490348042343 / p21 / p22 - c1.21318398849189 * c1.4173179627993364 
4385,6.018265847733039,p14 / p14 / p18 + p1 
4386,19.86927425402349,p21 - c3.621040734314503 * p4 / p25 / c2.5128429112234816 - p6 / p15 / p15 * c1.1572209180228894 * c3.072326817269957 / p18 
4387,12.63615906695146,c2.3307744356071307 - c0.5889657832368034 / c3.7409986662108747 / c0.8931682594416357 * p2 * c0.10710607925604798 - p22 + p27 + p8 + c0.7658599200877003 - c3.8697389650358756 + c3.512308162580926 / c1.7011954434728982 
4388,5.156228196890785,p2 + c1.330623128984505 * c0.6307972142777457 / c3.742463448808468 / p13 * c4.090921766321017 
4389,3.211325393176269,p20 - p20 / c4.294936689232703 / p27 
4390,6.764668797008304,p10 + c1.7223590205852413 / c0.28925510520134146 - p21 / p2 / c0.6048372722978562 * c0.7890445688327768 / p2 * p4 / p18 * c3.0105668455547634 / c2.058249959958273 - c4.556908283519191 
4391,7.016792136347741,p13 * c0.23158703588172236 * c0.28808576250576257 + p8 
4392,13.595987541823298,c0.17931085766121568 * c0.23999458368078985 * p22 - p23 / c1.7491151775429077 + c1.370779971215701 * p17 + c0.3965173319825904 + c0.46722796386589216 
4393,2.554278669242862,p2 / p14 * p22 
4394,2.376164433776711,p5 / p10 * p27 
4395,3.900619579319221,c0.4859556568231438 / c1.9192426369165183 + p21 
4396,3.900619579319221,c0.4859556568231438 / c1.9192426369165183 + p21 
4397,1.7842493050803565,p24 / p6 * p2 
4398,3.204946556545325,p5 / p14 + p4 - c0.9084153580054549 
4399,10.285470455941482,p15 - p15 / p17 
4400,1.8861308026870365,c0.17931085766121568 * c0.23999458368078985 + p19 
4401,1.8861308026870365,c0.17931085766121568 * c0.23999458368078985 + p19 
4402,15.696216374751623,p8 - c1.0092309245369653 + c0.2706669530630196 + c2.268622476263576 
4403,5.191936069212069,p7 - p4 / p0 / p13 * p19 / p19 / c0.21518536073714511 / c1.4402074211362603 / p17 / p18 
4404,7.510189411892812,p7 - p4 / p13 / p19 / c0.21518536073714511 / c1.4402074211362603 / p17 
4405,12.16043492546534,c3.695909105896567 + p13 + c4.736377417481329 - c1.4689058059608728 * c4.996627858089038 
4406,2.866900763754729,p24 - p11 / c4.532592407762441 / p15 - p24 / c4.301611014664918 + p22 / c4.247932886424159 
4407,8.97903203764817,p11 + p20 / c2.0688559549190773 / p12 - c1.6642082562376892 * c1.3647731673898993 + p26 + c0.9634161960069187 - p11 / p3 * p22 
4408,2.5376481083966027,p10 / p5 / c1.6566190832170913 / p13 * p10 + p22 * p12 / p11 / c1.0052706798830786 - p2 / p3 / p22 
4409,2.7079226481256304,p12 / p6 - c0.9006541330019069 + p10 
4410,28.188380563351107,c2.0236285042100715 + p0 / c3.582129135091885 / c1.0517691603401969 - c4.059979825475223 + c0.38156815458643467 + p3 + p6 + c2.795224827643475 * c0.604490516881257 - c4.340752036501063 / c1.637139408614388 + c0.28776373740147243 - p22 
4411,3.9984346484431,c1.4508151891431387 / p15 + p12 - c0.571814444090406 / c0.7795123440518059 
4412,15.692845287185678,c0.6288585742478553 / p24 - c4.602224075541468 / p8 + p3 
4413,6.910779037300598,p1 - c2.5044955023471656 / c3.956384417525766 
4414,5.223590057739524,p11 + p20 / c2.0688559549190773 / p12 - c1.6642082562376892 * c1.3647731673898993 + p22 * c2.475643213370517 / p11 - c1.091158604384706 
4415,8.828682996805274,p4 + c3.616717851788253 / c1.8207593563035225 * c1.913116981123459 / p14 / p25 
4416,2.581418142112536,p3 / p12 * p15 - c0.1850532641964875 / p0 / c2.6233927779152717 
4417,3.2266817614467644,p5 * p20 / p16 - c0.20256407110055275 
4418,7.934488289574161,p10 - p22 / c1.7176965367028507 / p21 - p25 / c4.912103008430099 / p20 / p17 
4419,14.913351977440994,p10 - c1.7176965367028507 / p25 / p20 / p17 * p27 * c4.302035862745671 
4420,6.994616438548655,p20 + c0.5591015380411035 - p25 + p13 
4421,1.786693650911008,c0.6392052429837342 / c1.113667061107203 * p5 / c4.875364630319046 * c0.1793448735005687 / p0 + p22 
4422,3.552414516038139,c2.7386592343157234 + c3.361712794272509 + c4.9627783207559615 * c0.8124305719018754 - c2.930316004759172 - c3.4132740885359403 - p16 + p21 - c3.5945317041052185 + p19 
4423,2.319563597036127,p16 + p6 - p2 
4424,3.546057835974596,p10 / p21 * p22 
4425,13.373165034062035,p10 * c1.898765103431147 + p7 / p12 * c1.9582632755107783 - c2.944550595747919 + p27 * c0.08881932823194827 - p20 
4426,2.9292542329890736,p1 - p11 + p11 
4427,11.29645804932883,p17 + p8 / p2 
4428,20.950943155126183,p20 + c2.9532985576912765 - c3.6945708872140486 / p3 / p9 / p26 * c4.63021347633051 
4429,44.02668812719134,c4.588742581082422 + c2.396545589885177 + p6 - c3.2701268498764904 - c0.08040812965715127 + c2.411388406499522 / p10 * c4.737680276115899 / c4.683789642438491 
4430,3.588151499419448,p25 + p19 - p11 / c1.750153133839139 / p7 / c0.6698911238904937 / c2.8709053874484898 - p10 
4431,2.973256107241926,p3 + c2.2510608882735976 / c2.3597498111840984 / p17 / c1.1709582723671814 / c4.690846970086816 
4432,2.7113221502917533,p6 / p23 * p24 
4433,8.516585370815525,p21 - p4 * p27 / c3.152452130186938 / p2 / p25 * c3.6916567510765255 / c0.4491992460079275 / c2.931418004141789 
4434,2.680469773088348,p15 * p22 / p21 
4435,5.571604729853549,p0 * c3.2494822692166907 * p1 / p25 * c0.3131479540572324 
4436,2.8875882481469373,c0.7824005221192715 / c0.7848106205037464 * p0 
4437,5.571604729853549,p0 * c3.2494822692166907 * p1 / p25 * c0.3131479540572324 
4438,7.733471285964558,c0.15762013935213426 - p20 + p18 - c0.8136379778808556 + p24 
4439,6.2174649580157695,p27 - p13 / c0.5175537974302974 / c3.3316149253913707 / c0.5464986445964676 + p9 
4440,4.317155474575538,c0.6288585742478553 / c2.2656723855338567 + p4 
4441,4.654799154563225,p26 / p26 - p14 + p5 + c3.953870565667818 / c4.258229364054845 * c4.225466654782565 / c4.130804338209505 * p19 - c0.6582473715149889 
4442,1.8545402919342584,p8 + p24 - p20 - p7 + p22 
4443,3.936423590852057,c1.2925747598317439 / p6 + p15 - c0.3408006767936067 
4444,8.608323545704916,c2.763884885729024 / p22 + c0.4073028260595041 * c2.017693308424222 * c3.6367549436643083 + c3.5156149963331 - c1.3243238438229628 - c3.5992295871506923 / c0.636517904224238 + p2 
4445,12.910932663067545,c1.018580773913294 + p5 + p0 - p14 
4446,5.377155086680247,p26 / p14 + c4.258229364054845 / c4.130804338209505 - c0.6582473715149889 + c1.9852747311950831 / c2.6480162031508496 - c0.5558612438995875 - p25 / p9 + p26 
4447,7.275503252448008,p5 + p6 - c1.8952055037638944 * p5 - p3 / p20 / p21 * c0.3615491749281369 + p22 
4448,2.453179404869861,p21 + p8 + c4.4300865917984655 - c3.5741774318075787 + c3.7213589737869186 / c4.112773255519992 / c3.61066321501835 / p5 - p13 - c3.296349249790266 / c1.7483180188775043 + p26 + p9 / p6 - p8 
4449,2.453179404869861,p21 + p8 + c4.4300865917984655 - c3.5741774318075787 + c3.7213589737869186 / c4.112773255519992 / c3.61066321501835 / p5 - p13 - c3.296349249790266 / c1.7483180188775043 + p26 + p9 / p6 - p8 
4450,5.51753361900995,p2 + p1 / p13 / p26 
4451,3.255840235938777,p5 - p3 / p16 * p19 + p4 
4452,9.9443859837277,p5 - p3 / p13 
4453,2.5796474733129973,c1.0713401549670454 / p10 / c4.983383779089001 + p14 
4454,10.49915760484988,p6 + c1.206219158460169 - c0.7984238654033848 / c4.978831611859942 
4455,3.885128625801916,p7 - p11 / p20 / c4.0052112491758765 
4456,10.063854387637818,c0.7157715921199925 * c4.29314650847055 / p5 - c1.9443888350499043 + p18 
4457,16.816030018312293,p16 - p5 / p24 + c2.677148704624157 
4458,5.129751823594871,c0.4073028260595041 - p0 + p17 * p16 / p21 / p8 * p24 + p0 
4459,9.492018037445217,p10 / c1.1505198414005158 / p25 + p0 
4460,2.583317879661588,p20 + p8 - p18 
4461,3.3888558014493224,p23 + p11 / c1.4232378108865262 / p21 / c2.525589140016849 
4462,9.774143087723854,p5 - p3 / p27 + c4.753351406353355 + c4.516984604042143 - c4.589239374906642 - c4.652072480242406 
4463,10.981239500544612,p21 + p11 / p5 * p20 / p4 
4464,4.133539376216213,p5 - p27 + c4.753351406353355 - c4.589239374906642 + c3.4500131160101732 + p18 - c3.750632162718004 
4465,29.207662834247778,c2.4526883936408255 + c2.4128250601807206 / c4.343322165379094 + p6 / p26 * p26 
4466,6.479722972318146,c1.5766763743892809 * p25 / p10 / p10 / c1.1527941494657756 + p25 * p10 / p0 
4467,4.679556330380806,c1.5766763743892809 * p25 / p10 / c1.1527941494657756 + p25 * p10 / p0 - c1.027106310418306 
4468,4.843193453203817,c1.437159098371773 - p0 / p13 + p15 - c4.484044120211724 + c2.676982248790136 + c0.9593536968970068 
4469,5.379861692914797,p14 - p6 / p12 / p25 
4470,3.5690785976512918,p12 - c0.5215491585714199 / p21 
4471,4.588662311439664,c3.4979056928278625 * p2 / c3.3416532573085185 
4472,19.61348537065814,p11 - p9 + p10 - c2.324872778192942 - c0.23775498380110227 + p25 * c1.9532440333477536 / c2.206799665300732 / p17 / p12 * c3.110635566497353 - c0.5097533555838396 / p8 
4473,13.536619220172422,c0.4073028260595041 / p17 / p15 + p10 - c0.5254490773554771 / c3.1280065875793 / p2 - c1.6075838334421895 * c2.0643927424922466 / p24 
4474,1.8912861499879052,p14 / p12 / c4.955603957940636 / c4.434569736648559 + p20 
4475,2.5159705105205656,p14 + p0 / p2 - p21 / p9 * p17 / p1 
4476,4.954809526350605,p14 + p0 / p2 / p9 * p17 / p1 
4477,2.383066765571223,p14 + p0 / p2 / p9 * p17 / c2.7430241269800284 / c4.622010143214888 
4478,15.839699958302552,p11 - p14 / p2 / p1 * p14 / c4.343457691074049 / c3.476104868622356 + p8 + c1.5313208875843554 + p25 - p3 - p24 
4479,41.028942073226034,p22 / p25 + p13 * c2.1295531918337893 / c4.00656193184708 - c2.982420966226041 + c4.334010178812312 
4480,32.82741120391302,p12 / c3.253033704067225 + c3.0733678357153824 + c1.0544977028230402 / p7 - p25 + p4 * c3.2660002951447216 - p14 - p4 + p14 / c2.542408532379027 
4481,5.788460793259747,p16 + p10 / p21 / p20 - c0.8757054892269206 
4482,11.99194562183592,p5 - p23 + p4 + c3.8379601902663003 * c0.019986286792718633 + c4.894295474275331 / p16 / c2.6851935244066407 + c0.152481529508261 * p7 / p7 
4483,15.245780187470176,c1.5473493918083037 + p8 - c4.979149869921052 / c1.7435327510478622 - p5 + p6 
4484,17.95758920929506,p16 - c1.116949249328552 * p8 - c1.9230845973828932 / p25 + p8 + c0.10356533221163533 / c2.305834115713923 
4485,11.48716357981764,p26 + c0.8211907005573377 * c3.854112013924958 / p5 
4486,3.2862692683018326,p17 - p1 - p24 / c1.3465271842167477 * p5 / p27 / c4.6797679873309175 * c1.257564158045057 / p2 + p25 
4487,3.3914075823743457,c0.992562689024446 / c1.6153252108762501 / c4.858840248138846 + p0 
4488,19.401395339112,p5 / p5 + c0.615873132131608 + c2.0820201487486316 / p22 / c3.92920958004645 - c3.5247358570079426 / p14 / p11 + p0 * c2.723869488272798 / c4.934296354656606 / c3.0541079484742206 + p17 - c1.9185905414737814 
4489,10.19520595696332,p3 - p6 - p11 / p21 + p3 
4490,1.820590383864276,p24 + c0.2403900819561866 / c2.940564531377412 
4491,2.2703442417609025,p8 - p14 + p18 
4492,6.397677588058993,p8 - c0.542963854698571 / p11 * p8 
4493,11.7720149393352,p16 - c3.8915764542796834 / c1.994236731240067 / p22 / c1.5087223556026337 - c0.6823266313222531 * c4.463354999152542 / p27 * c3.536748922595878 / c4.525440248797262 - c2.1816284118507494 + c4.349039351133107 * c1.5239731586402694 / p9 
4494,5.036941520010039,p26 + p18 + c0.9373068769216064 + c2.034236761991533 / p2 - p0 + c1.5551076054011348 - c2.8350003414151335 - p9 / p11 / c2.0019052620710975 * c1.3995851648484852 / p12 
4495,7.475406370033968,c2.930316004759172 - c3.5795608960686205 + p4 
4496,7.475406370033968,c2.930316004759172 - c3.5795608960686205 + p4 
4497,1.7967742147786292,p9 + p22 - p9 
4498,1.7967742147786292,p9 + p22 - p9 
4499,1.7967742147786292,p9 + p22 - p9 
4500,1.7967742147786292,p9 + p22 - p9 
